A	P	a	u	l	@	e	m	a	i	l	.	c	o	m
A	A	n	y	a	n	g	o	@	e	m	a	i	l	.	c	o	m
A	O	c	o	m	i	l	@	e	m	a	i	l	.	c	o	m
A	N	e	e	m	a	@	e	m	a	i	l	.	c	o	m
A	I	k	o	b	w	a	@	e	m	a	i	l	.	c	o	m
B	K	a	s	u	n	i	@	e	m	a	i	l	.	c	o	m
D	G	e	l	e	t	a	@	e	m	a	i	l	.	c	o	m
E	L	o	k	w	e	i	@	e	m	a	i	l	.	c	o	m
G	O	t	i	e	n	o	@	e	m	a	i	l	.	c	o	m
G	T	h	i	g	i	t	i	@	e	m	a	i	l	.	c	o	m
H	A	l	i	@	e	m	a	i	l	.	c	o	m
H	A	b	d	u	h	a	k	i	m	@	e	m	a	i	l	.	c	o	m
I	A	l	i	@	e	m	a	i	l	.	c	o	m
J	A	d	e	b	a	y	o	@	e	m	a	i	l	.	c	o	m
K	M	u	m	b	i	@	e	m	a	i	l	.	c	o	m
K	W	a	n	j	i	r	u	@	e	m	a	i	l	.	c	o	m
K	M	u	t	h	o	n	i	@	e	m	a	i	l	.	c	o	m
K	N	d	u	n	g	u	@	e	m	a	i	l	.	c	o	m
K	K	e	n	d	i	@	e	m	a	i	l	.	c	o	m
K	K	i	b	e	t	@	e	m	a	i	l	.	c	o	m
K	M	f	a	n	a	@	e	m	a	i	l	.	c	o	m
K	M	u	t	e	i	t	h	i	a	@	e	m	a	i	l	.	c	o	m
K	M	u	r	i	i	t	h	i	@	e	m	a	i	l	.	c	o	m
K	K	i	m	u	t	a	i	@	e	m	a	i	l	.	c	o	m
K	W	a	f	u	l	a	@	e	m	a	i	l	.	c	o	m
M	K	i	p	n	g	e	n	o	@	e	m	a	i	l	.	c	o	m
M	D	a	v	i	d	@	e	m	a	i	l	.	c	o	m
M	M	a	h	a	m	u	d	@	e	m	a	i	l	.	c	o	m
M	N	y	a	m	o	n	g	o	@	e	m	a	i	l	.	c	o	m
M	K	a	r	a	n	i	@	e	m	a	i	l	.	c	o	m
M	M	w	a	u	r	a	@	e	m	a	i	l	.	c	o	m
M	W	a	i	t	h	i	r	a	@	e	m	a	i	l	.	c	o	m
M	K	a	n	i	n	i	@	e	m	a	i	l	.	c	o	m
M	G	i	c	h	u	h	i	@	e	m	a	i	l	.	c	o	m
M	M	b	e	t	e	@	e	m	a	i	l	.	c	o	m
M	K	a	r	a	n	j	a	@	e	m	a	i	l	.	c	o	m
M	K	i	a	m	b	a	@	e	m	a	i	l	.	c	o	m
M	K	a	m	a	n	t	h	e	@	e	m	a	i	l	.	c	o	m
M	J	o	s	i	a	h	@	e	m	a	i	l	.	c	o	m
N	K	a	s	a	i	n	e	@	e	m	a	i	l	.	c	o	m
N	M	o	n	i	c	a	h	@	e	m	a	i	l	.	c	o	m
N	N	y	a	m	b	u	r	a	@	e	m	a	i	l	.	c	o	m
N	W	a	n	g	a	r	i	@	e	m	a	i	l	.	c	o	m
N	M	u	t	u	g	e	@	e	m	a	i	l	.	c	o	m
N	K	i	p	k	u	r	u	i	@	e	m	a	i	l	.	c	o	m
N	M	a	c	h	a	r	i	a	@	e	m	a	i	l	.	c	o	m
N	N	j	o	k	i	@	e	m	a	i	l	.	c	o	m
N	K	i	a	r	i	e	@	e	m	a	i	l	.	c	o	m
N	E	r	i	c	a	@	e	m	a	i	l	.	c	o	m
N	M	u	t	e	t	e	@	e	m	a	i	l	.	c	o	m
O	J	o	n	a	@	e	m	a	i	l	.	c	o	m
O	A	n	y	a	n	g	o	@	e	m	a	i	l	.	c	o	m
O	F	a	r	a	j	a	@	e	m	a	i	l	.	c	o	m
O	M	a	g	a	r	e	@	e	m	a	i	l	.	c	o	m
O	N	g	w	o	n	o	@	e	m	a	i	l	.	c	o	m
O	O	w	e	n	s	@	e	m	a	i	l	.	c	o	m
P	H	i	r	j	i	@	e	m	a	i	l	.	c	o	m
T	M	a	r	t	i	n	@	e	m	a	i	l	.	c	o	m
T	K	i	p	c	h	i	r	c	h	i	r	@	e	m	a	i	l	.	c	o	m
W	M	u	t	h	o	n	i	@	e	m	a	i	l	.	c	o	m
W	N	j	e	r	i	@	e	m	a	i	l	.	c	o	m
W	M	b	u	g	u	a	@	e	m	a	i	l	.	c	o	m
W	N	g	e	n	d	o	@	e	m	a	i	l	.	c	o	m
W	K	a	r	i	u	k	i	@	e	m	a	i	l	.	c	o	m
